{
  "$schema": "https://developer.microsoft.com/json-schemas/spfx/client-side-web-part-manifest.schema.json",
  "id": "88b828ce-b039-4923-988d-0b17cd273d64",
  "alias": "PierianWebPart",
  "componentType": "WebPart",

  "version": "*",
  "manifestVersion": 2,

  "requiresCustomScript": false,
  "supportedHosts": ["SharePointWebPart", "TeamsPersonalApp", "TeamsTab", "SharePointFullPage"],
  "supportsThemeVariants": true,

  "preconfiguredEntries": [{
    "groupId": "5c03119e-3074-46fd-976b-c60198311f70",
    "group": { "default": "Advanced" },
    "title": { "default": "pierian" },
    "description": { "default": "pierian description" },
    "officeFabricIconFontName": "Page",
    "properties": {
      "description": "pierian"
    }
  }]
}
